Workbook

Sheet PRE-PREPARATION CHECKLIST
A1: Task | B1: Current Status | C1: Completed | D1: Due Date | E1: Responsible Person
A2: Deciding a date, time and a venue | B2: Done
A3: Appointing an organizing committee and assigning them duties | B3: Done | H3: SPECIAL NOTES
A4: Inviting the Guests and confirming their participation | B4: Done | H4: Head Table Necessities - Name tags of the Head Table Dignitaries - Printed Agendas, Meeting Minutes and Treasurer Reports in seperate files for each guest - Water Bottles - Additional A4 sheets in each file with a pen - Table Cloth - Gong and Gavel - National Flag and Club Banner
A5: Sending email invitations | B5: Done
A6: Sharing the initial flyer including all required details | B6: Done
A7: Informing the club members about the meeting and sharing important details | B7: Pending
A8: Preparing appreciation tokens for the Guests | B8: In Progress
A9: Preparing the name tags, head table necessities* | B9: Pending
A10: Finalizing previous meeting minutes and Treasurer report | B10: In Progress
A11: Preparing necessary presentations | B11: Pending
A12: Preparing Club members for the pledges, introductions and speeches | B12: Pending
A13: Making arrangements to the fellowship event after the meeting | B13: In Progress
A14: Carrying call rounds to guests remind them about the meeting | B14: In Progress
A15: Finalizing and customizing the agenda | B15: In Progress
A16: Finalizing the dignitaries list according to the protocols | B16: Pending
... A20: Arranging photography and streaming facilities | B20: Done

Sheet AGENDA-INSTALLATION
A1: Time | B1: Duration | C1: Description/ Activity | D1: Responsible Committee | E1: ResponsibleIndividual | F1: Materials | G1: Notes | H1: IT Table
A2: ='short AGENDA-INSTALLATION'!A3 -> 9.30 AM | B2: 5 Mins | C2: ='short AGENDA-INSTALLATION'!B3 -> Arrival of the Dignitaries to the Hall | E2: Leo Mevinu Gamage | F2: Registration Sheet
A3: ='short AGENDA-INSTALLATION'!A4 -> 9.35 AM | B3: 1 Mins | C3: ='short AGENDA-INSTALLATION'!B4 -> Compere Starts the Proceedings | D3: Ushering | F3: Compere Script
A4: ='short AGENDA-INSTALLATION'!A5 -> 9.36 AM | B4: 1 Min | C4: ='short AGENDA-INSTALLATION'!B5 -> Chairperson Arrives at the Head Table | E4: Leo Gamitha
A5: ='short AGENDA-INSTALLATION'!A6 -> 9.37 AM | B5: 2 Mins | C5: ='short AGENDA-INSTALLATION'!B6 -> Calling Dignitaries to the Head Table | D5: Admin | E5: Leo Gamitha | F5: Dignitaries Name list Ascending Order | G5: Done
A6: ='short AGENDA-INSTALLATION'!A7 -> 9.39 AM | B6: 1 Min | C6: ='short AGENDA-INSTALLATION'!B7 -> Meeting Call to Order | E6: Leo Gamitha | F6: Gong and Gavel
A7: ='short AGENDA-INSTALLATION'!A8 -> 9.40 AM | B7: 4 Mins | C7: ='short AGENDA-INSTALLATION'!B8 -> National Anthem | D7: IT team | E7: Leo Gamitha/IT Team | F7: IT Team National Anthem | G7: Done
A8: ='short AGENDA-INSTALLATION'!A9 -> 9.44 AM | B8: 1 Min | C8: ='short AGENDA-INSTALLATION'!B9 -> Pledge of Allegiance to the National Flag of Sri Lanka | D8: Admin | E8: Leo Sanuka | F8: Pledge of Allegiance - Printed | G8: Done
A9: ='short AGENDA-INSTALLATION'!A10 -> 9.45 AM | B9: 1 Min | C9: ='short AGENDA-INSTALLATION'!B10 -> Leo Pledge | D9: Admin | E9: Leo Isuka | F9: Leo Pledge - Printed | G9: Done
A10: ='short AGENDA-INSTALLATION'!A11 -> 9.46 AM | B10: 1 Min | C10: ='short AGENDA-INSTALLATION'!B11 -> Environmental Pledge | D10: Admin | E10: Leo Vidun | F10: Environmental Pledge - printed | G10: Done
A11: ='short AGENDA-INSTALLATION'!A12 -> 9.47 AM | B11: 2 Mins | C11: ='short AGENDA-INSTALLATION'!B12 -> Introduction of the Head Table | E11: Leo Lesandu | F11: Dignitaries Name list with designations Descending Order | G11: Done
A12: ='short AGENDA-INSTALLATION'!A13 -> 9.50 AM | B12: 2 Mins | C12: ='short AGENDA-INSTALLATION'!B13 -> Welcome Address | E12: Leo Adithya | F12: Welcome Address Document | G12: Done
A13: ='short AGENDA-INSTALLATION'!A14 -> 9.55AM | B13: 4 Mins | C13: ='short AGENDA-INSTALLATION'!B14 -> Minutes of the Previous Installation Ceremony | E13: Leo Sandanindu | F13: Minutes of the Previous Installation | G13: Done
A14: ='short AGENDA-INSTALLATION'!A15 -> 10.00 AM | B14: 7 Min | C14: ='short AGENDA-INSTALLATION'!B15 -> Treasurer Report for Leoistic year 2024/25 | E14: Leo Tharuk / Leo Nethuki | G14: instructions pending.
A15: ='short AGENDA-INSTALLATION'!A16 -> 10.06 AM | B15: 8 Min | C15: ='short AGENDA-INSTALLATION'!B16 -> Outgoing President's Address | E15: Leo Inuka | F15: Treasurer report of Previous Year | G15: Verifying
A16: ='short AGENDA-INSTALLATION'!A17 -> 10.13 AM | B16: 5 Min | C16: ='short AGENDA-INSTALLATION'!B17 -> Induction of New Members | E16: Leo Nadew | G16: instructions pending.
A17: ='short AGENDA-INSTALLATION'!A18 -> 10.18 AM | B17: 10 Mins | C17: ='short AGENDA-INSTALLATION'!B18 -> Induction of Club Officials | E17: Leo Huvindu | G17: Done
A18: ='short AGENDA-INSTALLATION'!A19 -> 10.28 AM | B18: 5 Mins | C18: ='short AGENDA-INSTALLATION'!B19 -> Lighting the Oil Lamp | D18: Guest of Honor | E18: Leo Lion Kesari/ Media Unit read the names | F18: Prospect Name List/Oath | G18: Done. Oath Done
A19: ='short AGENDA-INSTALLATION'!A20 -> 10.32 AM | B19: 2 Mins | C19: ='short AGENDA-INSTALLATION'!B20 -> Handing Over Meeting Procedures to Newly Installed Club President | D19: Chief Guest | E19: Leo Anushka / Media Unit read the names | F19: Club Official Ascending Order List/ Oath | G19: Done. Oath Done
A20: ='short AGENDA-INSTALLATION'!A21 -> 10.34 AM | B20: 2 Mins | C20: ='short AGENDA-INSTALLATION'!B21 -> Calling New Vice President Secretary & Treasurer to the Headtable | D20: Admin
A21: ='short AGENDA-INSTALLATION'!A22 -> 10.36 AM | B21: 8 Mins | C21: ='short AGENDA-INSTALLATION'!B22 -> Speech of the Incoming President | D21: Admin | E21: Leo Gamitha
A22: ='short AGENDA-INSTALLATION'!A23 -> 10.43 AM | B22: 3 Mins | C22: ='short AGENDA-INSTALLATION'!B23 -> Introduction of the Special Guest | D22: Admin | E22: Leo Mevinu
A23: ='short AGENDA-INSTALLATION'!A24 -> 10.46 AM | B23: 7 Mins | C23: ='short AGENDA-INSTALLATION'!B24 -> Speech by the Special Guest | E23: Leo Mevinu | G23: Done
A24: ='short AGENDA-INSTALLATION'!A25 -> 10.52 AM | B24: 3 Mins | C24: ='short AGENDA-INSTALLATION'!B25 -> Introduction of the Guest of Honor | E24: Leo Harindu Thirasara
A25: ='short AGENDA-INSTALLATION'!A26 -> 10.56 AM | B25: 7 Mins | C25: ='short AGENDA-INSTALLATION'!B26 -> Speech of the Guest of Honor | E25: Lion Lion Thisara
A26: ='short AGENDA-INSTALLATION'!A27 -> 11.03 AM | B26: 17 Mins | C26: ='short AGENDA-INSTALLATION'!B27 -> Appreciation of Past Club Presidents | E26: Leo Zubair | F26: Printed introduction of GOH | G26: Done
A27: ='short AGENDA-INSTALLATION'!A28 -> 11.20 AM | B27: 25 Mins | C27: ='short AGENDA-INSTALLATION'!B28 -> Entertainment Item
A28: ='short AGENDA-INSTALLATION'!A29 -> 11.45 AM | B28: 3 Mins | C28: ='short AGENDA-INSTALLATION'!B29 -> Introduction of Guest of Honor | E28: Leo Basuru Oshada | F28: Printed Introduction of CG | G28: Done
A29: ='short AGENDA-INSTALLATION'!A30 -> 11.48 AM | B29: 6 Mins | C29: ='short AGENDA-INSTALLATION'!B30 -> Speech by the Guest of Honor
A30: ='short AGENDA-INSTALLATION'!A31 -> 11.54 AM | B30: 3 Mins | C30: ='short AGENDA-INSTALLATION'!B31 -> Introduction of the Chief Guest | D30: Ushering | E30: Leo Huvindu/ Ranketh/Yenuki | F30: Appreciation Token | G30: Done
A31: ='short AGENDA-INSTALLATION'!A32 -> 11.57 AM | B31: 7 Mins | C31: ='short AGENDA-INSTALLATION'!B32 -> Speech by the Chief Guest
A32: ='short AGENDA-INSTALLATION'!A33 -> 12.04 PM | B32: 04 Mins | C32: ='short AGENDA-INSTALLATION'!B33 -> Token Presentation to Guests | E32: Lion Nuwan
A33: ='short AGENDA-INSTALLATION'!A34 -> 12.08 PM | B33: 04 Mins | C33: ='short AGENDA-INSTALLATION'!B34 -> Open Forum/Felicitations | E33: Leo Seneka | G33: Done
A34: ='short AGENDA-INSTALLATION'!A35 -> 12.12 PM | B34: 04 Min | C34: ='short AGENDA-INSTALLATION'!B35 -> Vote of Thanks | E34: Leo Senuka | F34: Gong and Gavel
A35: ='short AGENDA-INSTALLATION'!A36 -> 12.18 PM | B35: 02 Mins | C35: ='short AGENDA-INSTALLATION'!B36 -> Termination of Meeting | E35: Girls | G35: Rehearsals Done
A36: ='short AGENDA-INSTALLATION'!A37 -> 12.20 PM | B36: 3 Mins | C36: ='short AGENDA-INSTALLATION'!B37 -> Group Photo
A37: ='short AGENDA-INSTALLATION'!A38 | C37: ='short AGENDA-INSTALLATION'!B38

Sheet short AGENDA-INSTALLATION
A1: INSPIRATION '25 10th Installation Ceremony of Centennial Leo Club of Richmond College LIONS CLUBS INTERNATIONAL DISTRICT 306 D8 SRI LANKA AND MALDIVES LEIOSTIC YEAR 2025-2026 .
B2: Description/ Activity | C2: Responsible Committee | D2: Responsible Individual | E2: Materials | F2: Notes | G2: IT Table
A3: 9.30 AM | B3: Arrival of the Dignitaries to the Hall
A4: 9.35 AM | B4: Compere Starts the Proceedings | D4: Leo Gamitha
A5: 9.36 AM | B5: Chairperson Arrives at the Head Table | D5: Leo Gamitha
A6: 9.37 AM | B6: Calling Dignitaries to the Head Table | C6: Media Unit
A7: 9.39 AM | B7: Meeting Call to Order | C7: Media Unit | D7: Leo Gamitha
A8: 9.40 AM | B8: National Anthem | C8: IT TEAM | D8: Leo Gamitha
A9: 9.44 AM | B9: Pledge of Allegiance to the National Flag of Sri Lanka | D9: Leo Rusandu Kalansooriya
A10: 9.45 AM | B10: Leo Pledge | D10: Leo Inosh Ranathunga
A11: 9.46 AM | B11: Environmental Pledge | D11: Leo Vidun Nanayakkara
A12: 9.47 AM | B12: Introduction of the Head Table | C12: Media Unit
A13: 9.50 AM | B13: Welcome Address | D13: Leo Minuda
A14: 9.55AM | B14: Minutes of the Previous Installation Ceremony | D14: Leo Sandanindu /Leo Minuda
A15: 10.00 AM | B15: Treasurer Report for Leoistic year 2024/25 | D15: Leo Inuka / Leo Themiya
A16: 10.06 AM | B16: Outgoing President's Address | D16: Leo Gamitha
A17: 10.13 AM | B17: Induction of New Members
A18: 10.18 AM | B18: Induction of Club Officials
A19: 10.28 AM | B19: Lighting the Oil Lamp
A20: 10.32 AM | B20: Handing Over Meeting Procedures to Newly Installed Club President
A21: 10.34 AM | B21: Calling New Vice President Secretary & Treasurer to the Headtable
A22: 10.36 AM | B22: Speech of the Incoming President
A23: 10.43 AM | B23: Introduction of the Special Guest
A24: 10.46 AM | B24: Speech by the Special Guest
A25: 10.52 AM | B25: Introduction of the Guest of Honor
A26: 10.56 AM | B26: Speech of the Guest of Honor
A27: 11.03 AM | B27: Appreciation of Past Club Presidents
A28: 11.20 AM | B28: Entertainment Item
... A37: 12.20 PM | B37: Group Photo

Sheet Copy of short AGENDA-INSTALLATI
A1: 10th Installation Ceremony of Centennial Leo Club of Richmond College Leo Multiple District 306, Sri Lanka and Maldives Leoistic Year 2025/26 .
A2: Time | B2: Description/ Activity
A3: 9.30 AM | B3: Arrival of the Dignitaries to the Hall
A4: 9.35 AM | B4: Compere Starts the Proceedings
A5: 9.36 AM | B5: Chairperson Arrives at the Head Table
A6: 9.37 AM | B6: Calling Dignitaries to the Head Table
A7: 9.39 AM | B7: Meeting Call to Order
A8: 9.40 AM | B8: National Anthem
A9: 9.44 AM | B9: Pledge of Allegiance to the National Flag of Sri Lanka
A10: 9.45 AM | B10: Leo Pledge
A11: 9.46 AM | B11: Environmental Pledge
A12: 9.47 AM | B12: Introduction of the Head Table
A13: 9.50 AM | B13: Welcome Address
... A38: 1.00 PM | B38: Group Photo

Sheet Head Table Snapshot
A3: National Flag | F3: Gong and Gavel | J3: Banner
F8: New Club Secretary | G8: New Club Treasurer | K8: Back Row
A11: Club Treasurer | B11: Lions Club Secretary Kalana | C11: District Secretary Peenaka | D11: Special Guest Lion Thisara | E11: Chief Guest Anushka | F11: Chairperson Gamitha | G11: Chairperson Mevinu | H11: Guest of Honour Kesari | I11: Lions Club President Lakma | J11: Leo Advisor Nuwan | K11: Front Row
A13: Pen | B13: Pen | C13: Pen | D13: Pen | E13: Pen | F13: Pen | G13: Pen | H13: Pen | I13: Pen | J13: Pen | K13: Documents and necessities on head table
B14: Meeting Minutes | C14: Meeting Minutes | D14: Meeting Minutes | E14: Meeting Minutes | F14: Meeting Minutes | G14: Meeting Minutes | H14: Meeting Minutes | I14: Meeting Minutes | J14: Meeting Minutes
B15: Treasurer Report | C15: Treasurer Report | D15: Treasurer Report | E15: Treasurer Report | F15: Treasurer Report | G15: Treasurer Report | H15: Treasurer Report | I15: Treasurer Report | J15: Treasurer Report
A16: Empty Paper | B16: Empty Paper | C16: Empty Paper | D16: Empty Paper | E16: Empty Paper | F16: Empty Paper | G16: Empty Paper | H16: Empty Paper | I16: Empty Paper | J16: Empty Paper
A17: Agenda | B17: Agenda | C17: Agenda | D17: Agenda | E17: Agenda | F17: Agenda (detailed) | G17: Agenda (detailed) | H17: Agenda | I17: Agenda | J17: Agenda
D18: Oath | E18: Oath | F18: Installation Script | G18: Installation Script | H18: Oath
F19: Incoming Speech | G19: Outgoing Speech
G20: Calling Dignitaries List
A21: Water Bottle | B21: Water Bottle | C21: Water Bottle | D21: Water Bottle | E21: Water Bottle | F21: Water Bottle | G21: Water Bottle | H21: Water Bottle | I21: Water Bottle | J21: Water Bottle
A22: Glass | B22: Glass | C22: Glass | D22: Glass | E22: Glass | F22: Glass | G22: Glass | H22: Glass | I22: Glass | J22: Glass
A23: Name Tag | B23: Name Tag | C23: Name Tag | D23: Name Tag | E23: Name Tag | F23: Name Tag | G23: Name Tag | H23: Name Tag | I23: Name Tag | J23: Name Tag
B26: Podium
F34: Audience | M34: Protocol Priority | N34: Name | O34: Position
M35: Chairperson | N35: Leo Gamitha Senarath
N36: Leo Mevinu Gamage
M37: Chief Guest | N37: Leo Anushka Liyanage
M38: Guest of Honors | N38: Mr.Rusira Maddumahewage
N39: Leo Lion Kesari Seneviratne PMJF
M40: Special Guest | N40: Lion Thisara Kukulewithana PMAF
M41: District Vice President | N41: Leo Hansini Rathnayaka
M42: District Secretary | N42: Leo Peenaka Wedamulla
M43: Deputy Cabinet Secretary | N43: Lion Wiraj Y. Nanayakkara
M44: Lions Club President | N44: Lion Lakma Kithmini MJF MAF
M45: Lions Club Secretary | N45: Lion Thanushi Jayarathne MAF
M46: Leo Advisor | N46: LCP
M47: Staff Advisor | N47: Ms. Sanduni Kodithuwakku
M48: Club Secretary | N48: Leo Minuda Kalansooriya
M49: Club Treasurer | N49: Leo Sadeepa Weerasinghe

Sheet SCRIPT-INSTALLATION
A1: Time | B1: Activity | C1: Script
A3: 9.30 AM | B3: Arrival of the Dignitaries to the hall
A4: 9.35 AM | B4: Compere starts the proceedings
A5: 9.36 AM | B5: Chairperson Arrives at the Head Table | C5: A very warm good morning to all those gathered here today. It’s truly a pleasure to have you all with us. Without further do, I’m delighted to pass the proceedings into the capable hands of our esteemed chairperson, Leo Gamitha Senarathne. Over to you! | D5: Pawan
A6: 9.37 AM | B6: Calling Dignitaries to the head table | C6: Good morning, everyone. I would like to invite the following dignitaries to the head table. Ms. Sanduni Kodithuwakku Lion Thanushi Jayaratna MAF Lion Lakma Kithmini MJF MAF Lion Wiraj Y. Nanayakkara Leo Hansini Rathnayaka Lion Thisara Kukulewithana PMAF Leo Lion Kesari Seneviratne PMJF Mr. Rusira Maddumahewage Leo Anushka Liyanage Leo Mevinu Gamage | D6: Gamitha | F6: DONT REMOVE DOTTED LINES
A7: 9.39 AM | B7: Meeting call to order | C7: Now, I call the "INSPIRATION'25", The 10th Installation Ceremony of Centennial Leo Club of Richmond College to order! (GONG CLINK!!!) | D7: Gamitha | F7: DONT REMOVE DOTTED LINES
A8: 9.40 AM | B8: National Anthem | C8: To Start with the proceedings let's raise for the National Anthem which will be followed by the Pledge of Allegiance to the National Flag of Sri Lanka by Leo Sanuka Menuja, Leo Pledge by Leo Inosh Ranthunga & Environmental pledge by Leo Widun Nanayakkara | D8: Gamitha | F8: DONT REMOVE DOTTED LINES
A9: 9.44 AM | B9: Pledge of Allegiance to the National Flag of Sri Lanka | F9: DONT REMOVE DOTTED LINES
A10: 9.45 AM | B10: Leo Pledge | F10: DONT REMOVE DOTTED LINES
A11: 9.46 AM | B11: Environmental Pledge | F11: DONT REMOVE DOTTED LINES
A12: 9.47 AM | B12: Introduction of the Head Table | C12: I would now like to invite Leo Pawan Udara to introduce the Head Table. | D12: Gamitha | F12: DONT REMOVE DOTTED LINES
A13: 9.50 AM | B13: Welcome Address | C13: Thank you Leo Pawan Next, I invite Leo Thisaga Kemika, to welcome you all. | D13: Gamitha | F13: DONT REMOVE DOTTED LINES
A14: 9.55 AM | B14: Minutes of the previous Installation Ceremony | C14: Thank you, Leo Thisaga. I would now like to invite the Assistant Secretary of the club for the Leoistic year 2024–2025, Leo Minuda Kalansooriya, to present the minutes of the previous installation ceremony. | D14: Gamitha | E14: I propose that the meeting minutes are in order | F14: DONT REMOVE DOTTED LINES
A15: 9.59 AM | B15: Raising amendments / Proposing & Seconding | C15: If there are any amendments, please raise them now. (SILENCE FOR 5 SECONDS) And if there are no amendments, please propose the meeting minutes are in order.Can Someone Second it (WAIT FOR THE PROPOSING and SECONDING) | D15: Gamitha | F15: DONT REMOVE DOTTED LINES
A16: 10.00 AM | B16: Treasurer report for Leoistic year (previous year) | C16: Thank you, Leo Minuda, Leo Iran, and Leo Basuru. Next on the agenda is the presentation of the Treasurer’s Report. However, as the club remained inactive over the past two years, there are no financial statements to be presented for that period. | D16: Gamitha | E16: sachitha | F16: DONT REMOVE DOTTED LINES
A17: 10.05 AM | B17: Seconding | C17: ..... (WAIT FOR THE SECONDING) | D17: Gamitha | F17: DONT REMOVE DOTTED LINES
A18: 10.06 AM | B18: Past President's address | C18: It is now the moment for the Past President's Address. As a past president of our Club, I am deeply honored to have this opportunity to share a few words with you all. | D18: Gamitha | F18: DONT REMOVE DOTTED LINES
A19: 10.13 AM | B19: Installing Prospects | C19: We have now reached a significant event on our agenda: the induction of new members. To conduct the induction ceremony, it is my privilege to extend a cordial invitation to our Guest of Honour today, Leo Lion Kesari Seneviratne PMJF. I now hand over proceedings to you. I would like to invite Leo Thisaga to announce the names of our prospects. | D19: Gamitha | F19: DONT REMOVE DOTTED LINES
A20: 10.25 AM | B20: Induction of Club Officials | C20: Thank you Leo Lion Kesari Seneviratne PMJF . Next, the time has arrived to the most important occasion of the day. I invite the Chief Guest of our installation ceremony. Our District President Leo Anushka Liyanage to install the newly appointed club officers in their positions. | D20: Gamitha | F20: DONT REMOVE DOTTED LINES
A21: 10.35 AM | B21: Lighting the Oil Lamp | C21: Thank you, Leo Anushka, and congratulations to all for being appointed as club officials. Now, it is time to proceed with the lighting of the traditional oil lamp. I would like to invite all the dignitaries at the head table, including a council officer representing all council officers, a club president representing all club presidents, a new Leo representing all new members, and a parent representing all parents, to join in this ceremonial act. | D21: Gamitha
A22: 10.40 AM | B22: Handing Over Meeting Procedures to Newly Installed Club President | C22: It's time to pass the proceedings to the new club president, Leo Mevinu Gamage. Known for his enthusiasm, who has shown remarkable leadership since the start of this Leoistic year. Congratulations to Leo Mevinu on this well-deserved role, and best wishes for a successful and rewarding Leoistic year ahead. With that, the meeting proceedings are officially handed over to the new club president, Leo Mevinu Gamage. (EXCHANGE GAVEL AND CHAIRS) | D22: Gamitha
A23: 10.42 AM | B23: Calling New Vice President,Secretary & Treasurer to the Headtable | C23: I extend an invitation to the newly appointed Vice President Leo Sachitha club secretary, Leo Minuda, and the club treasurer, Leo Sadeepa, to join us and assume your positions at the head table.
A24: 10.43 AM | B24: Speech by the Incoming President | C24: Now it's time for the speech by the incoming club president and it will be done by myself.
A25: 10.50 AM | B25: Introduction of the Special Guest | C25: The next item on the agenda is the introduction of the special guest, which will be done by Leo Harindu. This will be followed by the speech delivered by the special guest. | D25: Harindu | E25: Thank you chairman for giving me this opportunity | F25: DONT REMOVE DOTTED LINES
A26: 10.53 AM | B26: Speech by the Special Guest
A27: 11.00 AM | B27: Introduction of the Guest of Honor | C27: Thank you, Lion Thisara, for your insightful remarks. The next item on the agenda is the introduction of the guest of honor, which will be delivered by Leo Savindu Hansana. Following the introduction, the guest of honor will proceed with their speech. | F27: DONT REMOVE DOTTED LINES
A28: 11.05 AM | B28: Speech by the Guest of Honor
A29: 11.25 AM | B29: Introduction of the Guest of Honor | C29: Thank you, Leo Lion Kesari Senavirathne, for sharing your valuable insights. The next item on the agenda is the speech by the guest of honor, Mr. Rusira Maddumahewage. I now invite the Richmond College Media Unit to introduce our college Principal.
A30: 11.30 AM | B30: Speech by the Guest of Honor
A31: 11.40 AM | B31: Appreciation of Past Club Presidents | C31: Thank you for your insightful words. Next on the agenda is a heartfelt tribute to honor and celebrate the past presidents of our club for their unwavering dedication, inspiring leadership, and invaluable contributions that have profoundly shaped our journey and strengthened our legacy. | F31: DONT REMOVE DOTTED LINES
A32: 12.00 PM | B32: Entertainment Item
A33: 12.20 PM | B33: Introduction of the Chief Guest | C33: It is now time for the introduction of the chief guest. I would like to invite Leo Basuru Oshada to formally introduce the chief guest, after which we will proceed to the much-anticipated address by the chief guest. | F33: DONT REMOVE DOTTED LINES
A34: 12.22 PM | B34: Speech by the Chief Guest
A35: 12.40 PM | B35: Token Presentation to the Guests | C35: Thank you Leo Anushka, Your speech is truly an inspiration for us. We have arranged a small token of appreciation for our guests, I invite Leo Sachitha Siriwardana, Leo Sadeepa Weerasinghe and Leo Basuru Oshada to the front of the head table with our esteemed guests to join with me to do the honors. | F35: DONT REMOVE DOTTED LINES
A36: 12.43 PM | B36: Open Forum/ Felicitations | C36: Thank you everyone who joined the token presentation. I now open the forum for felicitations.
A37: 12.50 PM | B37: Closing Remarks by Leo Advisor | C37: Thank you all for your heartfelt and warm wishes. At this moment, it is my great pleasure to invite our esteemed club advisor, Lion Lakma Kithmini MJF MAF, to deliver the closing remarks.
A38: 12.55 PM | B38: Vote of Thanks | C38: Thank you, Lion Lakma, for your insightful and valuable advice. I now invite the newly appointed Club Secretary, Leo Minuda Kalansooriya, to propose the vote of thanks. | F38: DONT REMOVE DOTTED LINES
A39: 1.00 PM | B39: Termination of the Meeting | C39: Thank you, Leo Minuda! Now, it is time to officially conclude "INSPIRATION'25," the 10th installation ceremony of the Centennial Leo Club of Richmond College. (GONG CLING!!) I would like to invite everyone to gather for the group photograph. | F39: DONT REMOVE DOTTED LINES

Sheet Header
A19: INSPIRATION '25 10th Installation Ceremony of Centennial Leo Club of Richmond College LIONS CLUBS INTERNATIONAL DISTRICT 306 D8 SRI LANKA AND MALDIVES LEIOSTIC YEAR 2025-2026 .

Sheet Calling Dignitaries List
A1: 10th Installation Ceremony of Centennial Leo Club of Richmond College LIONS CLUBS INTERNATIONAL DISTRICT 306 D8 SRI LANKA AND MALDIVES LEIOSTIC YEAR 2025-2026 .
A2: Calling Dignitaries List
A7: 4. Ms.Sanduni Kodituwakku
A8: 5. Leo Thisara Kukulewithana PMAF
A9: 6. Leo Lion Kesari Seneviratne PMJF
A10: 7. Leo Anushka Liyanage
A11: 8. Leo Mevinu Gamage

Sheet Headtable Name Tags
A1: Leo Gamitha Senarath Chairman - Past Club President Leoistic year 2024/2025
A3: Leo Mevinu Gamage Chairman- Incoming Club President Leoistic year 2025/2026
A5: Leo Anushka Liyanage Chief Guest - District President Leo District 306 D8
A7: Leo Peenaka Wedamulla District Secretary Leo District 306 D8
A9: Leo Sadeepa Weerasinghe Club Treasurer Leoistic year 2025/2026
A11: Lion Lakma Kithmini MJF MAF Leo Advisor Leo Club of Galle Fort
A14: Leo Lion Kesari Seneviratne PMJF Guest of Honor - Past Multiple District President Leo Multiple District 306 - Sri Lanka & Maldives
A16: Leo Minuda Kalansooriya Club Secretary Leostic year 2025/2026
A18: Lion Kalana Imbuldeniya MJF Lions Club Secretary (Designated) Lions Club of Galle Fort
A20: Leo Thinuli Pudamya Club Treasurer Leostic year 2025/2026
A22: Lion Lakma Kithmini Lions Club President(Elect) Lions Club of Karapitiya

Sheet Introduction Dignitaries List
A1: 10th Installation Ceremony of Centennial Leo Club of Richmond College LEO CLUB DISTRICT 306 D8 SRI LANKA AND MALDIVES LEIOSTIC YEAR 2025-2026 .
A2: Introduction of the Head Table
A4: Thank you, Chairman, for the opportunity. Its my pleasure to introduce the head table for Inspiration '25 - The 10th Installation Ceremony of Centennial Leo club of Richmond College.
A6: Chairman of the Meeting,Leo Gamitha Senarathna , Past Club President of Centennial Leo Club of Richmond College, Leoistic Year 2020/2021
A8: Chairman of the Meeting, Leo Mevinu Gamage, Incoming Club President of Centennial Leo Club of Richmond College, Leo District 306 D8
A10: Chief Guest , Leo Anushka Liyanage, District President ,Leo District 306 D8
A12: Guest of Honor, Mr. Rusira Maddumahewage, Principal, RIchmond College, Galle
A14: Guest of Honor, Leo Lion Kesari Seneviratne PMJF, Past Multiple District President, Leoistic Year 2018/19, Multiple District 306, Sri Lanka and Maldives
A16: Special Guest, Lion Thisara Kukulewithana PMAF, Region CPE- Region 4A, Zone 2, Lions District 306 D6
A18: Leo Hansini Rathnayake, District Vice President, Leo District 306 D8
A20: Lion WIraj Y. Nanayakkara, Deputy Cabinet Secretary, Lions District 306 D8
A22: Lion Lakma Kithmini MJF MAF, Lions Club President & Leo Club Advisor, Lions Club of Galle Karapitiya
... A34: Thank You and over to you, chairman.

Sheet AGENDA-GENERAL MEETINGS
A1: Time | B1: Duration | C1: Activity | D1: Responsible Committee | E1: Responsibile Individual | F1: Material | G1: Notes | H1: It Table | I1: Lighting Agenda | K1: Preparation Task | L1: Current Status | M1: Completed | N1: Due Date | O1: Responsible Person
C2: Arrival of the Dignitaries | K2: Deciding a date, time and a venue | M2: FALSE
C3: Calling Dignitaries to the head table | K3: Deciding the guests to invite while checking out the visits yet to be covered | M3: FALSE
C4: Meeting call to order | K4: Appointing an organizing committee and assigning them duties | M4: FALSE
C5: National Anthem | K5: Inviting the Guests and confirming their participation | M5: FALSE
C6: Pledge of Allegiance to the National Flag | K6: Sending email invitations | M6: FALSE
C7: Leo Pledge | K7: Sharing the initial flyer including all required details | M7: FALSE
C8: Environmental Pledge | K8: Informing the club members about the meeting and sharing important details | M8: FALSE
C9: Introduction of the Head Table | K9: Preparing appreciation tokens for the Guests | M9: FALSE
C10: Welcome Address | K10: Preparing the name tags, head table necessities* | M10: FALSE
C11: Previous meeting minutes | K11: Finalizing previous meeting minutes and Treasurer report | M11: FALSE
C12: Raising amendments / Proposing & Seconding | K12: Preparing necessary presentations | M12: FALSE
C13: Treasurer report | K13: Preparing Club members for the pledges, introductions and speeches | M13: FALSE
... C23: Vote of thanks | K23: Name tags of the Head Table Dignitaries (head Table) | M23: FALSE
C24: Termination of the meeting | M24: FALSE
M25: FALSE
M26: FALSE
M27: FALSE

Sheet Welcome Speech
A1: 10th Installation Ceremony of Centennial Leo Club of Richmond College LEO CLUB DISTRICT 306 D8 - SRI LANKA AND MALDIVES LEIOSTIC YEAR 2025-2026 .
A2: Welcome Speech
A4: Good morning, ladies and gentlemen.
A5: With kind permission from the head table, Distinguished guests, Leo District Council Officials, respected Lions, teachers, parents, and my fellow Leos, I extend a warm and heartfelt welcome to each of you gathered here today. It is my great honor to welcome you to INSPIRATION’25, the 10th Installation Ceremony of the Centennial Leo Club of Richmond College for the Leoistic year 2025/2026. Today, we celebrate a decade of leadership, service, and youthful energy, a milestone that reflects our journey of growth, impact, and unwavering commitment to the Leo spirit. We are deeply privileged to have with us our Chief Guest, Leo Anushka Liyanage, District President of Leo District 306 D8. Your presence today is a true inspiration to every Leo seated here. We are equally honored to welcome our Guests of Honor: • Mr. Rusira Maddumahewage, Principal of Richmond College, whose visionary leadership continues to uplift our institution. • Leo Lion Kesari Senaviratne PMJF, Past Multiple District President 2018/19, whose legacy in the Leo movement inspires us to dream bigger and serve better. A special welcome to Lion Thisara Kukulewithana PMAF, Region Chairperson – Region 4A, Lions District 306 D6. A proud old boy of Richmond College, Lion Thisara embodies the spirit and tradition of our alma mater, carrying forward its legacy of leadership and service with unwavering dedication. We also extend our heartfelt gratitude to Lion Lakma Kithmini MJF MAF, President of our parent Lions Club, Lions Club of Galle Karapitiya. Your unwavering guidance has been the backbone of our success. To our Staff Advisor, Ms. Sanduni Kodituwakku—thank you for your mentorship and dedication. You have been a constant source of wisdom and encouragement. A warm welcome to all our teachers, parents, Lions, Leo Council and Lions Council Officers, visiting club presidents, and of course, our fellow Leos. Your presence today adds immense value to this celebration. As we step into a new chapter, let us carry forward the legacy of service, leadership, and fellowship. May this year be filled with purpose, passion, and progress. Thank you..

Sheet Previous Meeting Minutes
A2: 10th Installation Ceremony of Centennial Leo Club of Richmond College Leo Multiple District 306, Sri Lanka and Maldives Leoistic Year 2025/26
A3: Meeting Minutes – Inspiration ’24 9th Installation Ceremony of the Centennial Leo Club of Richmond College, Galle The Inspiration ’24 – 9th Installation Ceremony of the Centennial Leo Club of Richmond College, Galle, was held on the 31st of October 2024, from 9.00 a.m. onwards at the Main Hall of Richmond College, Galle. District President of Leo District 306 A2, Leo Eshan Kasthuriarachchi, graced the occasion as the Chief Guest. We were also honored by the presence of the Immediate Past District President of Leo District 306 A2, Leo Dilitha Ranjuna FLM, as the Guest of Honour. Mr. Sarath Kumara attended on behalf of Principal Mr. P. S. Pushpakumara, and Lion Viraj Y. Nanayakkara MAF attended as Special Guest. At 9.30 a.m., the dignitaries were ceremonially invited to the Head Table, and at 9.40 a.m., the meeting was officially called to order by Leo Mihin Epa. The proceedings began with the singing of the National Anthem, followed by the Pledge of Allegiance to the National Flag of Sri Lanka, which was recited by Minuda Kalansooriya. The Leo Pledge was recited by Leo Thenujaya Bandara, and the Environmental Pledge by Sadeepa Weerasinghe. Afterwards, Leo Pawan Udara introduced the Head Table, and Leo Kaushika Epa warmly welcomed all by delivering the Welcome Speech. The minutes of the previous Installation Ceremony were then presented by Leo Senuda Damsith and were proposed by Mevinu Gamage and seconded by Basuru Oshada, followed by the Treasurer’s Report, which was presented by Leo Inuka and seconded by Inosh Ranathunga. The Outgoing President’s Address was then delivered by Leo Mihin Epa, who reflected on the achievements of the past year and expressed his gratitude to all who supported his journey. Thereafter, the Induction of New Leos was conducted by Leo Dilitha Ranjuna FLM. The Installation of the New Officers for the Leoistic year 2024/25 was ceremonially conducted, accompanied by the lighting of the traditional oil lamp. The proceedings were then handed over to the newly installed Club President, Leo Kaushika Epa. Following this, Leo Savindu Hansana introduced the Staff Advisor, and Lady Lion Prasangi Kiringoda addressed the gathering, offering her guidance and encouragement to the members. The sequence of guest addresses then followed. Lion Viraj Y. Nanayakkara MAF was introduced by Leo Basuru Oshada, after which he shared his thoughts and extended his best wishes. Immediate Past District President, Leo Dilitha Ranjuna FLM, was introduced by Leo Taro Damsara, and he shared his reflections on leadership and Leoism. Finally, the Chief Guest, District President, Leo Eshan Kasthuriarachchi, was introduced by Leo Sachitha Siriwardana, and in his keynote address, he inspired the gathering with his words of encouragement and extended his heartfelt wishes to the newly installed Executive Committee. Afterwards, the forum was opened for felicitations, where fellow Leos and well-wishers conveyed their congratulations. The Leo Advisor then delivered the Closing Remarks, after which the Vote of Thanks was delivered by Club Secretary, Leo Sandanindu Batheegama, who expressed gratitude to all dignitaries, members, and participants. With that, Inspiration ’24, the 9th Installation Ceremony of the Centennial Leo Club of Richmond College, Galle, was officially terminated at 1.30 p.m., and a commemorative photograph was taken at 1.35 p.m., marking the successful completion of the ceremony and the official commencement of the Leoistic year 2024/25.

Sheet Previous Treasurer Report
A1: 10th Installation Ceremony of Centennial Leo Club of Richmond College Leo Multiple District 306, Sri Lanka and Maldives Leoistic Year 2025/26 .
A2: Previous Treasurer Report
A3: Good Morning Leo advisor, fellow Leos, distinguished guests, and friends, I sincerely apologize for not being able to attend this year’s installation ceremony in person. I am grateful that my report can be shared through one of our members. As the Treasurer of the Centinnial Leo Club of Richmond College for the past Leoistic year, I am pleased to present the financial report. At the beginning of the year, the club had a balance of Rs. 60 489. During the year, our total expenditure for the installation ceremony was Rs.63 339. leaving an outstanding amount of Rs. - 2 850 All transactions were recorded responsibly, with transparency maintained throughout the year. I thank our executive committee, advisors, and all Leos who contributed to a successful year. It has been an honor to serve as your Treasurer, and I am confident that the incoming treasurer will continue the same dedication. Thank you, and I wish the new board a successful Leoistic year ahead. Leo Inuka Abiman Treasurer – Centinnial Leo Club of Richmond College

Sheet Inducting New Members
A1: 10th Installation Ceremony of Centennial Leo Club of Richmond College Leo Multiple District 306, Sri Lanka and Maldives Leoistic Year 2025/26 .
A2: Induction of Club members
A3: 1.Savindu Hansana
A4: 2.Sadeepa Weerasinghe
A5: 3. Harindu Thirasara
A6: 4.Rusandu Kalansooriya
A7: 5. Chamal Mendis

Sheet Inducting EXCO
A1: 10th Installation Ceremony of Centennial Leo Club of Richmond College Leo Multiple District 306, Sri Lanka and Maldives Leoistic Year 2025/26 .
A2: Club Directors
A3: 1.Leo Harindu Thirasara
A4: 2.Leo Isuka Hasnindu
A6: Leo Club Editor
A7: 3.Leo Sanuka Menuja
A9: Leo Club Chief Organizer
A10: 4.Leo Basuru Oshada
A12: Leo Club Membership Chairperson
A13: 8.Leo Chamal Mendis
A15: Leo Club Treasurer / Asst.Treasurer
A16: 9.Leo Sadeepa Weerasinghe
... A28: 14.Mevinu Gamage

Sheet Vote of Thanks
A1: 10th Installation Ceremony of Centennial Leo Club of Richmond College Leo Multiple District 306, Sri Lanka and Maldives Leoistic Year 2025/26 .
A2: Good morning, everyone, It is both an honour and a heartfelt privilege to stand before you today to deliver the Vote of Thanks on behalf of the Centennial Leo Club of Richmond College, as we celebrate our 10th Installation Ceremony — INSPIRATION’25. Today marks a decade of Leoism at Richmond, and this milestone would not have been possible without the unwavering support of many remarkable individuals. First and foremost, our deepest gratitude to our Chief Guest, Leo Anushka Liyanage, District President of Leo District 306 D8, for gracing this occasion and for your inspiring presence. Your leadership continues to guide and uplift the Leo movement across the district. To our Guests of Honour,Mr. Rusira Maddumahewage, Principal of Richmond College — thank you for your continued support and belief in youth leadership.Leo Lion Kesari Senaviratne PMJF, Past Multiple District President of Leo Multiple District 306 — your legacy and encouragement have been a beacon for generations of Leos. We are also honoured by the presence of our Special Guest, Lion Thisara Kukulewitharana PMAF, Region 4A, Zone 2, Lions District 306 D6 — thank you for joining us and for your steadfast support. A heartfelt appreciation goes to our Leo Advisor and Parent Lions Club President, Lion Lakma Kithmini MJF MAF, and our Staff Advisor, Ms. Sanduni Kodituwakku — your guidance and mentorship have been instrumental in shaping our journey. To our Council Officers, especially Leo Peshani Mendis, Zone Director of Zone A1, and Leo Sathira Wellappuli, Region Director of Region A1 — thank you for your presence and for empowering us with your leadership. We extend our sincere thanks to our Alumni, whose legacy continues to inspire us. Special mention to Leo Nipun Kariyawasam – Past Club Secretary (2016/17), Leo Sandul Siriwardana – Charter Club President, and Leo Kulith Nanayakkara – Past Club President (2020/21).Your continued support means the world to us. To our Platinum Sponsor, Kandrick Tea Beverages Lanka — thank you for your generous contribution and belief in our vision. To everyone who sponsored, helped, and attended — your presence and support have made this celebration truly memorable. From logistics to decorations, coordination to refreshments — every silent effort has echoed loudly in the success of today’s event.To our fellow Leos, prospects, and guests from sister clubs — thank you for standing with us, for your energy, and for your commitment to service. We would also like to extend our sincere thanks to Lion Viraj Y. Nanayakkara for all the help and support provided throughout this journey. Last but not least, Our fellow friends of Scout Troop, reality, the band and college non-academic staff and management for the support rendered towards making the event a greater success. As we step into a new chapter of leadership, may we carry forward the spirit of unity, excellence, and inspiration that defines our club. Thank you once again for being part of INSPIRATION’25. Signing off, I'm Minuda Kalansooriya Club Secretary of Centennial Leo Club of Richmond College.
